P@1,R@1,P@5,R@5,P@10,R@10,P@20,R@20,MRR,embedding_type,dimension
0.4234527687296417,0.19900296768221298,0.20521172638436483,0.3619688173461758,0.13061889250814332,0.4362207080131608,0.07508143322475572,0.4828863693958033,0.4838285884425813,image,512
0.8469055374592834,0.4389030361671871,0.5035830618892508,0.8788772652923597,0.30749185667752443,0.9482839487556469,0.16384364820846906,0.9635073102997632,0.8487964202615448,text,768
0.5732899022801303,0.2649473063624007,0.26384364820846906,0.4566381836193157,0.15798045602605865,0.5112192943325018,0.09022801302931598,0.5729584985245363,0.6060528213922408,hybrid_concat,1280
0.44299674267100975,0.2099850673435579,0.21172638436482086,0.3725221947863457,0.13583061889250816,0.44671314010936647,0.07638436482084691,0.493879904162923,0.5006832491450812,hybrid_weighted,512
0.4234527687296417,0.19900296768221298,0.20521172638436483,0.3619688173461758,0.13061889250814332,0.4362207080131608,0.07508143322475572,0.4828863693958033,0.4838283911721725,hybrid_attention,512
